<?xml version="1.0" encoding="UTF-8"?>
<project-private xmlns="http://www.netbeans.org/ns/project-private/1">
    <editor-bookmarks xmlns="http://www.netbeans.org/ns/editor-bookmarks/2" lastBookmarkId="0"/>
    <open-files xmlns="http://www.netbeans.org/ns/projectui-open-files/2">
        <group>
            <file>file:/C:/Users/orlan/OneDrive/Documentos/NetBeansProjects/Sistema_de_vehiculos1/src/modelo/ConsultaVehiculos.java</file>
            <file>file:/C:/Users/orlan/OneDrive/Documentos/NetBeansProjects/Sistema_de_vehiculos1/src/controlador/CtrlVehiculos.java</file>
            <file>file:/C:/Users/orlan/OneDrive/Documentos/NetBeansProjects/Sistema_de_vehiculos1/src/modelo/conexion.java</file>
            <file>file:/C:/Users/orlan/OneDrive/Documentos/NetBeansProjects/Sistema_de_vehiculos1/src/sistema_de_vehiculos1/Sistema_de_vehiculos1.java</file>
        </group>
    </open-files>
</project-private>
